,label,area,axis_major_length,axis_minor_length,centroid-0,centroid-1,orientation
0,1,0.33231481481481484,3.529616380867367,0.18866901490041998,1079.5578155475064,1825.46976873781,-0.9357208605744557
1,2,0.1865740740740741,2.303241012678802,0.15885695800903282,1253.8062861869314,1507.2928039702233,-0.9502445135597536
2,3,0.13274691358024693,1.8832357946303306,0.1574375620525406,683.8925831202046,1578.1857707509882,-0.8419232482496406
3,4,0.12080246913580248,1.6054104042517083,0.12502995834832425,559.7363311190597,1767.5697496167604,-0.8551598701289438
4,5,0.10484567901234568,1.1189569513877504,0.13990294007034906,1040.9649690903739,1976.9620253164558,-0.931939933049494
5,6,0.08990740740740741,0.6417195534049763,0.20281879279887824,586.7305183659457,775.5496052179883,-0.6607291533051154
6,7,0.06854938271604938,0.5053691467104204,0.22887928766416757,182.6096352994147,50.163890139576765,-1.1529265174611736
7,8,0.06703703703703703,0.5250842796203017,0.16437645270050727,785.6809392265193,1368.2338858195212,1.2144296915510098
8,9,0.0642283950617284,0.7206232468124687,0.17850612704709473,366.4718885151369,1742.2907256126862,-0.8462786762982291
9,10,0.06376543209876544,0.31283573463983744,0.27456714035258545,621.6965150048403,1013.3107454017425,-0.6390774386110967
10,11,0.060833333333333336,0.6518051809297273,0.18878855974614658,534.775240994419,1500.8001014713343,-1.3886636077566268
11,12,0.05598765432098766,0.9085725595238336,0.11564389926639507,1183.595369349504,148.22877618522602,-0.9511316174177151
12,13,0.053919753086419754,0.584304687778012,0.12595265883075116,879.8099599313108,686.7155123068117,-0.92284620057791
13,14,0.05274691358024691,0.654042410828965,0.13477581493013827,427.2135751901697,1614.1679344645993,-1.0132459970692642
14,15,0.04919753086419753,0.4696855067713562,0.13744367596198703,607.7440401505646,843.0997490589712,-0.724275195480418
15,16,0.046265432098765435,0.4313791178774741,0.14143322774097133,614.2194796531021,418.3949299533022,1.3201475672805907
16,17,0.04546296296296296,0.7583651583748247,0.10693850373724624,946.6483367277665,1959.143245078072,-0.9097005790917874
17,18,0.044320987654320985,0.48803972635037385,0.12979498574893458,545.9623955431755,958.0974930362117,-1.0179651987528453
18,19,0.04064814814814815,0.5520465646492901,0.09532433657236879,588.4320425208808,980.744874715262,-0.9731541596705081
19,20,0.03172839506172839,0.29031159551122426,0.14098884167864878,277.60700389105057,999.1682879377432,-1.0567369397047215
20,21,0.03064814814814815,0.3658757296767457,0.11535366130808379,756.5720040281974,1558.0543806646526,-1.0046615778892285
21,22,0.02935185185185185,0.21775122659826773,0.17234062581825155,786.9842271293376,242.1945320715037,1.3903509381265386
22,23,0.029166666666666667,0.2723567882956507,0.17196773803481388,699.495238095238,798.0761904761905,0.9934158696854706
23,24,0.02888888888888889,0.30752070029944034,0.12373258467572597,569.8963675213676,1186.9561965811965,-1.534224257984736
24,25,0.027222222222222224,0.30842356809830984,0.13221006478684097,1049.1587301587301,200.33219954648527,-0.9601264156993078
25,26,0.02537037037037037,0.3391008517404907,0.10504181869268645,512.0778588807785,1621.0133819951338,-0.7374333017971774
26,27,0.025030864197530863,0.4040932688653042,0.082805100638929,425.14673242909987,1804.6017262638718,-1.0176784154347802
27,28,0.02493827160493827,0.3014706691679794,0.11054589787093905,816.2314356435644,1497.6287128712872,-0.9449436915662096
28,29,0.02447530864197531,0.23980394708364977,0.13187104501063043,500.00504413619166,1715.1475409836066,-0.6303117282706971
29,30,0.023734567901234568,0.2698264105442936,0.11385138018505228,534.3914174252276,504.5591677503251,1.1209472743023696
30,31,0.023240740740740742,0.2149607743812393,0.139973620020804,613.9150066401062,1065.062416998672,-0.3311749233478231
31,32,0.022932098765432098,0.4073792012917949,0.07232095174729163,310.3162853297443,1825.436069986541,-0.9846538845474855
32,33,0.022839506172839506,0.20474438719786872,0.14334982705096427,868.1067567567568,55.33108108108108,1.3953552946380716
33,34,0.02271604938271605,0.19949841364033133,0.14659354034139682,95.35054347826087,109.19157608695652,-1.0958141301128632
34,35,0.022592592592592595,0.2757053888863514,0.10557505098352503,44.404371584699454,99.65983606557377,-0.0768291676339135
35,36,0.022098765432098766,0.27281175726872653,0.1107338267447398,1068.4217877094973,273.9427374301676,-1.012147611168784
36,37,0.021666666666666667,0.3411090053209458,0.0816432952534559,916.7421652421652,265.86467236467234,-0.9667484066499815
37,38,0.021574074074074075,0.25927442089965075,0.10826638390856379,950.2918454935623,544.6723891273248,-1.0050691390577455
38,39,0.020679012345679013,0.1673362283462914,0.16014337714454044,560.3582089552239,1580.0776119402985,0.7437230625305186
39,40,0.019567901234567902,0.2380498814632019,0.11327503500174617,790.1798107255521,388.0441640378549,-0.8045862484884432
40,41,0.019382716049382718,0.20415727328642688,0.12166954940612554,52.39331210191083,222.6624203821656,1.0214378025306168
41,42,0.01916666666666667,0.19796342461517438,0.14889941982719052,797.2592592592592,480.1320450885668,0.7581879208812127
42,43,0.01888888888888889,0.17741064366154,0.13670181240799545,1006.5702614379085,214.0735294117647,-1.204891063326255
43,44,0.016574074074074074,0.22867883004827746,0.10042747517356837,1041.1620111731843,340.0558659217877,-0.9906344603975074
44,45,0.016358024691358025,0.2510656466680203,0.09213979237407735,1055.6056603773584,459.522641509434,-1.255275551829237
45,46,0.01601851851851852,0.29466531263114604,0.0710498345230329,534.4778420038535,1734.0520231213873,-1.0131123573256808
46,47,0.015956790123456792,0.17121407311269254,0.1192731195929248,621.036750483559,701.9032882011605,0.94546178989604
47,48,0.0154320987654321,0.33475947676066603,0.05947460400367737,555.69,1995.04,-1.165343639492152
48,49,0.015308641975308642,0.2963294704276191,0.08500340281323272,718.2701612903226,717.3387096774194,-1.1339156770575403
49,50,0.014845679012345679,0.14991257039394343,0.13395563970607918,889.0914760914761,11.75051975051975,-0.9578934802467083
50,51,0.01478395061728395,0.24050413452196995,0.07839795082981318,448.9498956158664,1850.6054279749478,-0.8529460130557195
51,52,0.014598765432098766,0.22363874967211814,0.0893920001733254,966.9957716701903,291.7885835095137,-1.2532524670528138
52,53,0.014074074074074074,0.17430029894309382,0.10963984196224336,1138.890350877193,1595.1929824561403,0.11440385798318993
53,54,0.01388888888888889,0.259876103582261,0.07139464135162493,965.5666666666667,213.7511111111111,-1.1945954514420496
54,55,0.013796296296296296,0.14290733361669178,0.12357126182168467,908.0559284116331,126.87695749440716,1.4856791443468989
55,56,0.01324074074074074,0.16584348988720649,0.10266203835025153,678.3146853146853,601.9487179487179,1.3115367501522752
56,57,0.01324074074074074,0.21997542097219677,0.09207449877445033,1389.1538461538462,486.5571095571096,-0.9850859356233876
57,58,0.012283950617283951,0.13871858094142975,0.1138688252838766,687.1180904522613,639.0402010050251,0.7782723297970952
58,59,0.012006172839506174,0.13730384172501534,0.11202782630939292,837.7943444730078,265.866323907455,-0.5830669774883436
59,60,0.01154320987654321,0.20543401316197354,0.07344869225333454,762.3903743315508,1857.3930481283423,1.0590388923924297
60,61,0.011234567901234569,0.1263342397522825,0.11338721382195067,469.45054945054943,1665.0549450549452,0.7074490812969222
61,62,0.010277777777777778,0.18250831445773122,0.07404661189257923,19.63063063063063,296.009009009009,-1.0612640597429688
62,63,0.010123456790123457,0.18228533390709156,0.07383938356933979,1063.841463414634,1394.466463414634,0.9149802170371318
63,64,0.010061728395061729,0.16207814100739573,0.08109354238392691,990.8404907975461,1859.1073619631902,1.0172891848426167
64,65,0.009814814814814814,0.13975338261563605,0.09308326570679416,125.87106918238993,204.23270440251574,0.6865099698076759
65,66,0.009598765432098765,0.13417470536233223,0.09135709515114847,765.7684887459807,750.8456591639872,-1.3403994988728305
66,67,0.009320987654320987,0.15784531508259186,0.07692041944370552,1064.4238410596026,550.5033112582781,-0.9915492702964506
67,68,0.009290123456790124,0.15704524177389173,0.07623805634162255,972.3920265780731,2026.7541528239203,1.4131962436863261
68,69,0.009166666666666667,0.12938427356025786,0.09754513073731035,713.3468013468014,1395.138047138047,1.401965740809465
69,70,0.009074074074074075,0.13536127805220663,0.08703889809766914,659.7142857142857,1286.9319727891157,-0.43175505643229317
70,71,0.008981481481481481,0.16443728342185313,0.07197322748352727,1063.1477663230241,221.96563573883162,-1.159372968881125
71,72,0.008981481481481481,0.13940566363174137,0.0828513389583302,1108.573883161512,350.06529209621993,1.4288819020410524
72,73,0.008858024691358025,0.11583500967551316,0.09839617622411731,877.3693379790941,185.78745644599303,-1.5673556865448974
73,74,0.00882716049382716,0.12552215666931113,0.09105773428801334,814.5244755244755,1344.2237762237762,1.3175834680513832
74,75,0.008518518518518519,0.1264586157414663,0.08644780058410706,81.46376811594203,289.56159420289856,0.7041035697143381
75,76,0.008518518518518519,0.13900675050808947,0.07956046571624997,775.7753623188406,323.7536231884058,1.4553773830686216
76,77,0.008518518518518519,0.15859027358284994,0.06951723576186032,846.5108695652174,94.19202898550725,1.0129659761414842
77,78,0.008425925925925927,0.11590654726579472,0.09459932117440507,144.3003663003663,147.42490842490844,0.9199709100537048
78,79,0.008395061728395062,0.1382446850236429,0.08370515751924058,1144.0183823529412,1616.6360294117646,-0.6067461637199901
79,80,0.008055555555555555,0.13317145159693938,0.07764171998180475,805.1379310344828,633.7969348659004,-1.2204238325126204
80,81,0.008024691358024692,0.10938842661620897,0.0946714146994293,949.9961538461539,424.17692307692306,0.7082069680116847
81,82,0.007407407407407408,0.14799443074679994,0.06421052408646699,113.88333333333334,854.5416666666666,0.7735259979822847
82,83,0.007376543209876543,0.1400768310742404,0.06725061288801455,361.9581589958159,2007.1004184100418,-1.492474700301305
83,84,0.007253086419753086,0.11327527486739701,0.08225086362590218,898.0170212765958,71.30212765957447,1.2212668539474096
84,85,0.007006172839506173,0.09957949626273861,0.09033673370589293,92.77973568281938,18.951541850220263,-0.780118649645073
85,86,0.007006172839506173,0.12819809896158152,0.06993474080140834,1054.8546255506608,1595.3656387665199,-1.4838728474917948
86,87,0.006944444444444445,0.1478234857487202,0.061431687081635655,259.7733333333333,1632.5066666666667,1.1299101932891888
87,88,0.006635802469135803,0.11957255007140773,0.07161654918862691,1198.660465116279,677.5255813953488,1.1680581160034365
88,89,0.00654320987654321,0.11235256023710431,0.07466393619131322,762.3443396226415,678.188679245283,-0.7927664826256157
89,90,0.006327160493827161,0.1361789513890168,0.06460503268520915,130.28780487804877,1074.6439024390245,-0.11035077063706604
90,91,0.006296296296296296,0.13477080557753893,0.06357551477094892,16.78921568627451,337.5147058823529,-0.9172914066612919
91,92,0.006234567901234568,0.14179618133530317,0.06121432095693484,147.0148514851485,835.4653465346535,0.5278264723837944
92,93,0.0062037037037037035,0.13910784468393225,0.058069974222406236,1317.0796019900497,2039.5223880597016,-0.015740816455352257
93,94,0.00617283950617284,0.10353479718786628,0.07761921992735817,22.41,589.07,-0.6327892077299286
94,95,0.006111111111111111,0.12974774736278033,0.06142162128063415,290.24747474747477,1444.358585858586,0.9479382073133452
95,96,0.006049382716049383,0.09855974546268925,0.07868912043411382,704.015306122449,1487.4336734693877,-1.0810211237863927
96,97,0.00595679012345679,0.1264795139423559,0.06104751861352457,1375.4352331606217,2000.6269430051814,0.8273300195766515
97,98,0.005771604938271605,0.1045775486182571,0.07076593200432961,571.4117647058823,1724.288770053476,0.5188609008650471
98,99,0.005771604938271605,0.11692983979087475,0.06621677930905857,693.2727272727273,924.5080213903743,0.7335077902064515
99,100,0.005771604938271605,0.10016320216582772,0.07435684032064475,1316.711229946524,16.684491978609625,1.1282719642518861
100,101,0.005740740740740741,0.09222586216916225,0.07926797488607336,689.3763440860215,497.11290322580646,1.383535889512049
101,102,0.005740740740740741,0.12214283513119219,0.0612631919477626,1017.8118279569892,1571.1881720430108,-1.185930363955825
102,103,0.005709876543209876,0.1164376866945225,0.06810235717972397,368.71351351351353,131.03783783783783,0.348301362699206
103,104,0.005709876543209876,0.0880934101400467,0.08494125408506314,394.6,1794.081081081081,-1.2569505449025542
104,105,0.005679012345679012,0.11501646800248434,0.07813127305254196,634.8641304347826,1906.0108695652175,-1.1952712273140658
105,106,0.005679012345679012,0.17532399890974432,0.05883964597602352,725.0054347826087,287.70652173913044,-0.335892935694974
106,107,0.00558641975308642,0.11650536297913677,0.06109989460369415,1153.5690607734807,1522.0165745856355,-1.073742014817915
107,108,0.00558641975308642,0.10197011487630799,0.07012041510455029,1307.3701657458564,164.68508287292818,0.738751329306543
108,109,0.005555555555555556,0.0850778967949752,0.08300488674730747,484.0388888888889,1592.9833333333333,0.1694934435861577
109,110,0.005493827160493827,0.1072600523946064,0.06519305970472411,1263.2359550561798,451.67977528089887,0.8050323965842215
110,111,0.005401234567901234,0.13271169536833866,0.052081819912243275,229.24,498.96,-0.3215793469514155
111,112,0.005401234567901234,0.12757100790288659,0.05631359705245995,384.9942857142857,1330.6457142857143,1.056112532600764
112,113,0.005401234567901234,0.11330819178183342,0.0655512582407102,1261.64,498.89714285714285,-1.1798339007834933
113,114,0.005308641975308642,0.14869835446306376,0.04665174804959822,578.6104651162791,1945.7906976744187,-1.0692646964894186
114,115,0.005246913580246914,0.1354948619635127,0.05006361112677372,1067.4705882352941,619.5,1.1443923508353457
115,116,0.005185185185185185,0.09209479401382271,0.07261573913540023,1022.2142857142857,1461.422619047619,0.6398363928599438
116,117,0.005154320987654321,0.08959813350393436,0.07370778775640886,772.0239520958083,297.3532934131737,-0.057574133801095585
117,118,0.005123456790123457,0.10272547968329249,0.06419754800888723,215.47590361445782,1467.186746987952,-1.1784735893229923
118,119,0.005123456790123457,0.10252791479857158,0.06482132137645955,343.2831325301205,1931.1265060240964,1.1491693334045474
119,120,0.005092592592592593,0.11414770862960781,0.05727224695453432,173.28484848484848,1028.9757575757576,0.4355752376070519
120,121,0.005061728395061729,0.13062469883290756,0.057922222846134824,444.2012195121951,1017.439024390244,0.974388946322697
121,122,0.005061728395061729,0.11922139736246287,0.05507827446575591,794.1341463414634,1589.1158536585365,0.6016107455591896
122,123,0.005030864197530864,0.10346536151060642,0.062225786012965995,756.0736196319018,467.90184049079755,-0.8052030135069279
123,124,0.005,0.10188402562514676,0.06371950941351257,907.4814814814815,562.8827160493827,0.8532088173399737
124,125,0.0049382716049382715,0.08279141367745274,0.07638547487517623,674.20625,1312.15625,-1.3811719582542685
125,126,0.004907407407407407,0.10489286407901462,0.06034776136099416,213.44025157232704,1367.9182389937107,0.49427326111531883
126,127,0.004907407407407407,0.183316954285847,0.0365369444654337,1131.7610062893082,519.2641509433962,-0.052933524198015884
127,128,0.004876543209876543,0.08490152318784623,0.07325329876910708,866.7151898734177,1263.373417721519,1.296268131392704
128,129,0.004814814814814815,0.08152429965077529,0.07517090670717695,172.43589743589743,92.57051282051282,0.7278220152709448
129,130,0.004814814814814815,0.1121176777666943,0.05512690898259322,830.2371794871794,892.5384615384615,0.9251297950170361
130,131,0.004814814814814815,0.10971835727535141,0.057947578738632904,1031.1346153846155,303.87179487179486,-1.263172979484955
131,132,0.004783950617283951,0.08669537058740139,0.07061330792522046,92.59354838709677,377.38709677419354,-0.6822706158274098
132,133,0.004753086419753087,0.1187896351031222,0.05237095796306876,317.65584415584414,1512.6493506493507,0.5312037408573
133,134,0.004722222222222222,0.12480388395551453,0.05146101282472211,930.0196078431372,737.5751633986928,-1.4268234791825807
134,135,0.004722222222222222,0.0952298913036149,0.06374622386745556,1120.4444444444443,1688.313725490196,-0.15283663030096437
135,136,0.004691358024691358,0.09793553512669724,0.061725354764913136,652.6315789473684,1157.4473684210527,0.6412958688138213
136,137,0.004660493827160494,0.11395198318794736,0.052169362519031294,658.5496688741722,2032.9337748344371,1.3450983782874513
137,138,0.004629629629629629,0.12534500789627326,0.0497474904786791,30.16,492.97333333333336,0.3234498046121724
138,139,0.004629629629629629,0.09890035840035595,0.061777669308202054,1065.84,881.16,1.0958308797820702
139,140,0.004598765432098766,0.10456672353327034,0.05625159659248383,328.77852348993287,346.28187919463085,-0.048145705489880286
140,141,0.004598765432098766,0.1044841063455415,0.05741177267037503,332.8993288590604,1619.979865771812,0.8811044624223507
141,142,0.004598765432098766,0.10312223945932916,0.05811048702417417,413.6711409395973,317.71140939597313,0.5700310574755388
142,143,0.004598765432098766,0.11845386936414376,0.05040167634974269,836.496644295302,414.96644295302013,-1.0352927512669092
143,144,0.004567901234567902,0.1266255555868853,0.04631369638588617,914.9864864864865,1882.1081081081081,1.067272558230452
144,145,0.004537037037037037,0.08631086452058868,0.06722092837837369,58.50340136054422,452.36054421768705,-0.2533243254829269
145,146,0.004537037037037037,0.08030141146041382,0.0724966803633514,144.91836734693877,14.006802721088436,-1.3404208496630619
146,147,0.004537037037037037,0.10642171680893123,0.05544198735775621,993.1632653061224,1436.5578231292518,-1.1052100989497817
147,148,0.004537037037037037,0.12859325934514643,0.04798312791305692,1152.6462585034014,263.25850340136054,1.51701342855837
148,149,0.004506172839506173,0.08344279744822913,0.07355862695713905,257.7671232876712,297.54794520547944,-1.1745080828621852
149,150,0.004506172839506173,0.11336060966560015,0.05096956272459076,1155.5684931506848,685.2260273972603,0.40812162018602244
150,151,0.004506172839506173,0.09749346093827112,0.06152791924365565,1335.4178082191781,450.32191780821915,-1.300824853490088
151,152,0.004475308641975309,0.09053484205234015,0.06292385795049409,1087.7172413793103,1559.6275862068965,-1.3298789644364561
152,153,0.0044444444444444444,0.09342464193774594,0.061329908635367275,426.09722222222223,1236.0694444444443,0.6643089844706581
153,154,0.0044444444444444444,0.09489031623935627,0.05993581830797122,641.0694444444445,1165.4652777777778,0.8267992141768556
154,155,0.0044444444444444444,0.12356765844492151,0.04758644765509388,1245.7916666666667,1190.0833333333333,-0.8940068384659873
155,156,0.0044444444444444444,0.11695779997683751,0.04917466461225941,1267.5972222222222,265.15972222222223,-0.06097755266904514
156,157,0.00441358024691358,0.08891479709207364,0.06409182558727636,132.0979020979021,711.3426573426574,0.3791915294117832
157,158,0.00441358024691358,0.08269911662344545,0.06826867879608524,858.6993006993007,175.01398601398603,1.4084908395260218
158,159,0.004382716049382716,0.10441107484585076,0.05371908230814967,13.654929577464788,1933.1971830985915,0.25502098783937244
159,160,0.004382716049382716,0.1248396376814017,0.04669686684926387,379.84507042253523,1572.9718309859154,0.6330002934506683
160,161,0.004382716049382716,0.12346990204678097,0.048110580345411644,1170.2394366197184,440.26056338028167,1.0550695103966603
161,162,0.0043518518518518515,0.0967433523217304,0.05727932093684296,1357.9078014184397,1693.7375886524824,-1.3642160170326432
162,163,0.004320987654320988,0.09014675620244099,0.061433429429289345,428.85714285714283,1542.45,0.7364940986429338
163,164,0.004320987654320988,0.0977839414089154,0.056744457487925865,524.8142857142857,1703.9357142857143,1.1664138265356818
164,165,0.004320987654320988,0.10093471608467001,0.05850181840190595,825.4428571428572,930.5857142857143,0.8380058332719732
165,166,0.004320987654320988,0.07933036794944577,0.06937972205638017,1052.7857142857142,626.7357142857143,1.02530131886415
166,167,0.0042592592592592595,0.10418095404505018,0.05271137728351325,355.71014492753625,757.8115942028985,1.1145937898064697
167,168,0.0042592592592592595,0.0848066807528448,0.06441431505149477,1044.2826086956522,977.1086956521739,0.826244825229554
168,169,0.004228395061728395,0.10444179106833068,0.05320303830539595,155.66423357664235,1195.8759124087592,1.183738017243831
169,170,0.004197530864197531,0.09736067873094718,0.05829142297419986,20.647058823529413,1984.9264705882354,0.4932599256830903
170,171,0.004166666666666667,0.10017865858438713,0.05432245182457194,368.68148148148146,1955.4222222222222,-0.3439408582450831
171,172,0.004166666666666667,0.10599049224904379,0.056657274741266084,384.14814814814815,77.53333333333333,0.6840844162852237
172,173,0.004135802469135802,0.08498463201049741,0.061964100355209724,505.55970149253733,1935.94776119403,1.2289400369785775
173,174,0.004135802469135802,0.09446575308211615,0.056744870362700706,955.0373134328358,327.93283582089555,1.0337662320606131
174,175,0.004104938271604938,0.09925048393809881,0.053138925033520905,234.86466165413535,439.69924812030075,0.5840748979090483
175,176,0.004104938271604938,0.11078164437791889,0.05421358543757312,578.6992481203008,1985.8045112781954,0.8784151828791977
176,177,0.004104938271604938,0.10637873480826028,0.05265378434995261,834.3533834586466,1917.0827067669172,0.724778962631352
177,178,0.004074074074074075,0.1034512804943651,0.050819728171718176,167.87878787878788,277.5151515151515,0.580405752377397
178,179,0.004074074074074075,0.0807049778846819,0.06439136656426026,1000.8181818181819,1172.840909090909,0.6787150125178154
179,180,0.00404320987654321,0.1269459043079289,0.04862828675090307,764.9847328244275,621.1679389312977,-0.9098162294671759
180,181,0.003981481481481482,0.08054733860431942,0.06290713886473492,561.9457364341085,221.2170542635659,0.7878959731414015
181,182,0.003981481481481482,0.10425944630021529,0.050595985405311024,736.1395348837209,1748.1317829457364,-1.2665930063471253
182,183,0.003950617283950617,0.08498060061250692,0.05931716333721639,1082.9921875,369.09375,-0.7905462851729058
183,184,0.003919753086419753,0.08527980924601872,0.05848366841735066,139.46456692913387,1791.2283464566929,-1.4810131731418714
184,185,0.0038888888888888888,0.09121620430817509,0.05610944826499579,294.6904761904762,2017.3174603174602,0.9635728105026545
185,186,0.0038888888888888888,0.07799766306115316,0.06419264001237569,1394.8650793650793,1156.0238095238096,-0.6124802233707026
186,187,0.003858024691358025,0.07888147915527043,0.06235539438765186,972.696,659.184,-0.5894295730108201
187,188,0.003858024691358025,0.08547968125990162,0.06807868644807823,991.12,1236.936,-0.7708241357783602
188,189,0.0038271604938271606,0.08824432626594177,0.056667944767103046,735.5967741935484,381.5967741935484,-1.1915388168099261
189,190,0.0037962962962962963,0.08983266163156471,0.054002199718419235,211.96747967479675,964.5447154471544,0.83872011778357
190,191,0.0037962962962962963,0.09782076056129589,0.049847145538557326,1013.9268292682926,1543.1300813008131,-0.20201210128034333
191,192,0.0037962962962962963,0.10656048417654831,0.046190210296859956,1152.3821138211383,901.8617886178862,0.8442244614553421
192,193,0.003765432098765432,0.10285075221113436,0.04684167201708438,604.9590163934427,1162.139344262295,-0.27669053558520246
193,194,0.003765432098765432,0.07972761237174761,0.06044853493021881,1160.77868852459,1144.2704918032787,0.6135698943392253
194,195,0.003734567901234568,0.08089735552449347,0.058966038196721096,365.75206611570246,1477.9752066115702,0.9982405107543281
195,196,0.003734567901234568,0.07487799511808597,0.06351905268476307,458.6942148760331,339.1652892561983,1.106977073447932
196,197,0.003703703703703704,0.1013346645464638,0.04726080224979325,25.433333333333334,1365.1416666666667,1.010921228093048
197,198,0.003703703703703704,0.08331032417503804,0.05922070767739664,268.975,423.1333333333333,1.5138623312303534
198,199,0.003703703703703704,0.07564058057788331,0.06289433485792432,314.89166666666665,1085.9833333333333,0.4720844793572476
199,200,0.003703703703703704,0.08980174147609646,0.052893788406607835,739.325,76.91666666666667,1.410828093488455
200,201,0.003703703703703704,0.09996149761273537,0.04758592787127583,1035.2083333333333,34.608333333333334,1.215262056177906
201,202,0.003703703703703704,0.07681857475771967,0.06175311359425493,1116.6666666666667,1661.3166666666666,0.8479505617815108
202,203,0.0036728395061728395,0.08955601511710495,0.052348322295068084,406.5882352941176,653.6134453781513,1.266160553065964
203,204,0.0036419753086419752,0.08184938783815901,0.058019123481746954,259.728813559322,857.6186440677966,1.1882741193357371
204,205,0.0036419753086419752,0.08062973870416931,0.059435454951340706,1396.406779661017,728.5593220338983,-0.2924969589479263
205,206,0.0036111111111111114,0.10974160119469281,0.043447582472095465,131.24786324786325,1679.4358974358975,0.49925325510148294
206,207,0.0036111111111111114,0.07533591795394887,0.06189497523665058,214.11111111111111,619.1025641025641,1.1114632381908847
207,208,0.0036111111111111114,0.09612531298742692,0.04855654140154744,1128.1367521367522,164.0,-1.1425488766512304
208,209,0.003580246913580247,0.07198539500210387,0.06464448477991888,506.7844827586207,721.7586206896551,0.9133364835955171
209,210,0.0035493827160493828,0.07276829941315277,0.06270361811451818,81.64347826086957,80.69565217391305,1.3121132385679106
210,211,0.0035493827160493828,0.08799273654731218,0.054486954182222304,699.7652173913043,427.4086956521739,-0.1487738828440375
211,212,0.0035493827160493828,0.08572393412993823,0.054352129420307344,890.1652173913044,1810.608695652174,1.2094397024776706
212,213,0.0035493827160493828,0.07149725951107216,0.06335077742042347,996.2695652173913,1590.5565217391304,-1.5580823047318193
213,214,0.0035185185185185185,0.07966713013270901,0.056704222512207976,177.12280701754386,1235.842105263158,0.4778660879812828
214,215,0.0035185185185185185,0.0841081825811788,0.0536973687663853,1194.3684210526317,1234.5526315789473,0.7303263859004588
215,216,0.0034876543209876546,0.07170672282530903,0.06195593000100541,472.13274336283183,888.0973451327434,-0.10972069751416086
216,217,0.0034876543209876546,0.07588119669315244,0.05875770389877053,966.3805309734513,349.283185840708,-0.3407709594160243
217,218,0.0034876543209876546,0.07486598169571529,0.060427895189411336,1178.6283185840707,525.8053097345132,0.13548932193770974
218,219,0.0034567901234567903,0.07266562263110389,0.060811183129464604,1051.2142857142858,1002.2232142857143,1.0457998109411797
219,220,0.003425925925925926,0.07503271550902828,0.06065426605992932,211.9099099099099,1996.3513513513512,1.0301593049308893
220,221,0.003425925925925926,0.07422963748851587,0.05907717173982793,948.2072072072073,831.7117117117117,1.0724045667648943
221,222,0.003425925925925926,0.09000540005052267,0.05167901484432372,1297.045045045045,2012.7567567567567,0.5579249168855731
222,223,0.0033950617283950617,0.0768988360741455,0.056633133338978715,126.54545454545455,1439.8454545454545,0.7995841565851858
223,224,0.0033950617283950617,0.08941969033278421,0.049149453940423936,1002.5363636363636,1676.7272727272727,1.1268892132307111
224,225,0.0033641975308641974,0.07396153016101129,0.059256668691283466,412.6880733944954,617.0917431192661,0.42045415989719054
225,226,0.0033641975308641974,0.07632410755748567,0.056920286324414024,1189.8715596330276,1054.4311926605506,0.3620782253933599
226,227,0.0033641975308641974,0.08507143290256443,0.051485756976737664,1206.954128440367,617.2752293577981,-0.025322694851228532
227,228,0.0033024691358024692,0.11976206946542443,0.0387484310923479,13.813084112149532,228.69158878504672,-1.3972788986181488
228,229,0.0033024691358024692,0.07017621383048957,0.06037673737379357,1000.7102803738318,53.85981308411215,0.5948131608060335
229,230,0.003271604938271605,0.07576470890929737,0.055425555056082904,487.74528301886795,278.79245283018867,-0.26062316886483344
230,231,0.003271604938271605,0.09883953995311472,0.04353431361202264,531.877358490566,388.64150943396226,0.5838394627363755
231,232,0.003271604938271605,0.07213792994688321,0.05889366796765791,983.7924528301887,885.6509433962265,1.2504918651710901
232,233,0.0032407407407407406,0.09227579451634778,0.0450009360342118,1266.6571428571428,1643.7904761904763,-1.4991372149879783
233,234,0.0032098765432098768,0.08677289545422372,0.051415471105365484,121.35576923076923,947.8846153846154,-0.8925235890445651
234,235,0.0032098765432098768,0.0683793214728281,0.06055883376514067,248.66346153846155,935.1057692307693,-0.5365414823500363
235,236,0.0032098765432098768,0.10121963392741766,0.04075085929791154,266.6826923076923,1364.826923076923,0.28728518762975686
236,237,0.0032098765432098768,0.06857345435087979,0.05964560402781574,922.6923076923077,960.9230769230769,0.5420149000891283
237,238,0.0032098765432098768,0.07675062657931543,0.05333131182143959,1253.2211538461538,401.5576923076923,0.8163888091483429
238,239,0.0031790123456790125,0.08635649443832229,0.046755535072047515,617.8349514563107,1138.4271844660195,-0.06910529594588921
239,240,0.003117283950617284,0.06955533138697438,0.05732849112271253,981.4059405940594,564.2574257425742,-0.33917845543452746
240,241,0.003117283950617284,0.08590597160704506,0.04719692175610516,1224.8316831683169,728.2475247524752,0.59516242234173
241,242,0.00308641975308642,0.08625249828072105,0.04723947786258094,834.94,1705.45,0.9753652211429538
242,243,0.0030555555555555557,0.07467373866076947,0.05214577456973247,229.62626262626262,1353.4040404040404,0.8915323709093855
243,244,0.0030555555555555557,0.07872410207182533,0.04986923649576539,838.6262626262626,1525.959595959596,0.2910863001511784
244,245,0.0030555555555555557,0.07543992126746611,0.0516454241196851,991.7777777777778,866.8787878787879,1.0342670015155389
245,246,0.0030555555555555557,0.07576504666698959,0.051461835257029326,1124.8484848484848,598.89898989899,0.010462338218517287
246,247,0.0030555555555555557,0.08638087925726058,0.0458299174568977,1286.5353535353536,187.43434343434345,1.1674837350617129
247,248,0.0030246913580246914,0.07862067121142474,0.04907042625555281,555.1938775510204,1849.3163265306123,-0.37281526171733725
248,249,0.002993827160493827,0.07768291369372302,0.050683752909264745,312.8144329896907,1260.1958762886597,1.5155613667032013
249,250,0.002993827160493827,0.09579364390895005,0.04093792628480151,343.7319587628866,643.3711340206186,0.6329075520967266
250,251,0.002993827160493827,0.06535549832875812,0.05857902180159637,483.1340206185567,718.340206185567,-1.0473121435132025
251,252,0.002993827160493827,0.07400854657575384,0.05146662440161851,809.9690721649484,1587.1340206185566,0.8743788877346572
252,253,0.002993827160493827,0.06947594341837723,0.054870953561318166,819.5257731958762,1307.0824742268042,-1.0952003908117378
253,254,0.002993827160493827,0.06525129134825673,0.05845494174091792,851.8865979381443,349.88659793814435,-0.5732055259400198
254,255,0.002993827160493827,0.06772096634740742,0.05698504402224962,1138.5360824742268,720.2577319587629,-1.1480031184518884
255,256,0.002993827160493827,0.07085031513728077,0.05438547557128404,1193.2268041237114,47.144329896907216,1.0449996344548724
256,257,0.002993827160493827,0.07622930248586533,0.050051632525202186,1375.721649484536,1416.0,1.0852825827754833
257,258,0.0029629629629629632,0.06855053403206711,0.05541315812992547,1049.2291666666667,112.76041666666667,1.4906317709112162
258,259,0.0029629629629629632,0.07465535870837889,0.05088937996897492,1369.2291666666667,880.9791666666666,1.0911554394299539
259,260,0.002932098765432099,0.07148159693955622,0.05319594735625682,965.8842105263158,915.0631578947368,-0.7028198789519267
260,261,0.002932098765432099,0.0748592345844109,0.05018682439418899,1144.6315789473683,631.0736842105263,0.5188536130615902
261,262,0.0029012345679012346,0.0635649136948858,0.05862682487580894,1326.468085106383,1376.0212765957447,-1.1740365536575055
262,263,0.0029012345679012346,0.07499849000733602,0.049411522880528386,1356.9255319148936,1528.8936170212767,0.7510916190947057
263,264,0.0028703703703703703,0.06666844094078786,0.05492537413790602,108.93548387096774,1403.6344086021506,0.8637323628790855
264,265,0.0028703703703703703,0.06167223040425334,0.059299363848394564,323.03225806451616,1169.9354838709678,1.2723264250319897
265,266,0.0028703703703703703,0.08342787879983209,0.04491554079337012,482.96774193548384,441.741935483871,0.5348950884643177
266,267,0.0028703703703703703,0.10276962884016727,0.04047469556591602,898.6236559139785,1656.784946236559,-0.10705045843675033
267,268,0.002839506172839506,0.08503131859336863,0.04300203440876951,191.47826086956522,1934.8369565217392,-1.1646750519526787
268,269,0.002839506172839506,0.07373050563222328,0.04962514469448162,657.6195652173913,672.1521739130435,0.4174957134854691
269,270,0.002808641975308642,0.08366033130187568,0.04481772309935065,301.2197802197802,231.57142857142858,0.7487636444653866
270,271,0.002808641975308642,0.06517689259586269,0.055660903767250365,361.1758241758242,586.4505494505495,0.9077617151285564
271,272,0.002808641975308642,0.06454203963936213,0.0565162379581631,515.3186813186813,1977.076923076923,-1.1864739246213587
272,273,0.002808641975308642,0.07973918458112098,0.045142631870096636,895.9230769230769,923.5054945054945,0.19934491324485487
273,274,0.002808641975308642,0.07422401613212946,0.048153917189966824,1366.6043956043957,395.4945054945055,0.9762414122824028
274,275,0.002777777777777778,0.09137364648498728,0.040667481819335494,207.54444444444445,96.94444444444444,-0.12612895578352792
275,276,0.002777777777777778,0.0634239017776085,0.056056151180978446,585.3666666666667,1530.3,-0.03680836219029255
276,277,0.002777777777777778,0.09800796193839349,0.04693813016135438,732.3777777777777,1430.0111111111112,-1.0641827393927077
277,278,0.002777777777777778,0.07076313017270834,0.05030968490464825,901.5666666666667,1057.8111111111111,1.0838651563484354
278,279,0.002777777777777778,0.06225471633281747,0.056811405407164464,1110.2333333333333,173.4777777777778,0.19055014212663432
279,280,0.002777777777777778,0.07931085054301773,0.04646229587503951,1193.4444444444443,576.4,0.5234895983892304
280,281,0.0027469135802469136,0.07618700294488917,0.04740541813681611,66.11235955056179,1036.4943820224719,-1.0056599366511778
281,282,0.0027469135802469136,0.06718162240423745,0.05240557205015355,214.20224719101122,1234.4494382022472,0.46117080974996894
282,283,0.0027469135802469136,0.0702626890433459,0.04960116096217996,235.93258426966293,774.3258426966293,1.2432708338438696
283,284,0.0027469135802469136,0.06272855837862955,0.05599834995520088,276.53932584269666,896.3483146067416,-1.489055726828973
284,285,0.0027469135802469136,0.06922179533502688,0.050730104881059196,889.6516853932584,646.685393258427,0.8493466630888025
285,286,0.0027469135802469136,0.06768279260033833,0.05158776623090219,937.5280898876405,898.7415730337078,1.0272151168835462
286,287,0.0027160493827160493,0.08108187861580764,0.043121163069231375,1251.0795454545455,1216.0795454545455,1.3070745372263917
287,288,0.0026851851851851854,0.06578770548508937,0.05237169660437572,4.942528735632184,1116.3218390804598,0.3971227148212667
288,289,0.002623456790123457,0.06008032872397993,0.05670769904636579,50.04705882352941,1011.1529411764706,-0.7203149734799087
289,290,0.002623456790123457,0.07382021143431042,0.045162614830189934,200.50588235294117,174.75294117647059,1.5099490103714435
290,291,0.002623456790123457,0.100626215777595,0.035288914662521945,259.3529411764706,1976.7529411764706,1.1881773146083798
291,292,0.002623456790123457,0.0653308910756841,0.05104045991143873,1105.2470588235294,429.50588235294117,0.7072361108241098
292,293,0.0025925925925925925,0.06690453446720687,0.04964603075822973,84.77380952380952,54.69047619047619,-0.9203780374860968
293,294,0.0025925925925925925,0.06779105249030234,0.04856702356880408,153.9404761904762,1488.595238095238,1.2018782734983076
294,295,0.0025925925925925925,0.06324350509249964,0.05241641523386322,458.0357142857143,941.452380952381,-0.5247402310911176
295,296,0.0025617283950617287,0.06325588026605858,0.051608032166155345,171.67469879518072,1699.0240963855422,-0.9761786624734862
296,297,0.0025617283950617287,0.06886516078056301,0.04780470584298721,439.8072289156627,1049.855421686747,0.5590280712625255
297,298,0.0025617283950617287,0.0759587649921934,0.04408892564756621,677.9879518072289,1936.301204819277,0.9292655381797105
298,299,0.0025617283950617287,0.06709819001802178,0.04898044092266622,899.156626506024,529.843373493976,1.0298294627118056
299,300,0.0025617283950617287,0.07012887556624563,0.04684258245660534,1066.120481927711,1700.5421686746988,-1.5698752267262928
300,301,0.0025617283950617287,0.060886174230338264,0.05370709505854819,1138.0,1105.3975903614457,-0.19277735726821094
301,302,0.0025308641975308644,0.06524152943184719,0.05072360961667836,270.9878048780488,1344.6341463414635,0.48080353442675483
302,303,0.0025308641975308644,0.05920781175778068,0.05435876416010072,635.3780487804878,111.79268292682927,0.44323717026458126
303,304,0.0025308641975308644,0.06379026698802019,0.050846342020885164,967.6951219512196,983.170731707317,0.5635577560186372
304,305,0.0025308641975308644,0.06485320708770237,0.04974986913078722,980.9634146341464,1333.5121951219512,0.6508673084007335
305,306,0.0025308641975308644,0.07847568527675693,0.042663916257232336,1231.3536585365853,1720.3292682926829,-0.6032685643410669
306,307,0.0025,0.08253014536833525,0.03883158989067816,190.320987654321,880.6296296296297,1.295402110985431
307,308,0.0025,0.0618159646219003,0.051534627529503683,548.9135802469136,133.55555555555554,1.25202961627768
308,309,0.0025,0.08005077782815083,0.03968055559847402,788.283950617284,1754.7037037037037,0.8616364033119017
309,310,0.0025,0.06361998107085151,0.050500076085042506,840.7654320987655,1510.320987654321,1.1765331950291165
310,311,0.0025,0.06381517522027813,0.052328179068676976,963.9629629629629,399.51851851851853,-1.381485999651766
311,312,0.0025,0.06813480806285413,0.04664051829286879,1165.1358024691358,455.87654320987656,1.0259547042910298
312,313,0.0025,0.08285548781113428,0.03877254263992994,1377.9135802469136,694.1481481481482,-0.043220197853719416
313,314,0.0025,0.06480653433199252,0.0490402680180068,1392.9506172839506,63.925925925925924,1.1400478711093158
314,315,0.0024691358024691358,0.06048827577692695,0.05208873577625974,433.8375,576.2125,0.859104758139212
315,316,0.0024691358024691358,0.072175793644555,0.0449304043107972,1269.625,914.35,0.047471267508910564
316,317,0.0024691358024691358,0.06427483325323692,0.04928340324044138,1320.575,1196.3125,0.6223227828678628
317,318,0.0024382716049382715,0.07054941074932462,0.044378324416605434,147.8227848101266,1266.6582278481012,0.8691834676463662
318,319,0.0024382716049382715,0.06484638618468655,0.04822729226475602,181.8987341772152,883.4556962025316,1.3299144505319234
319,320,0.0024382716049382715,0.060681551845781105,0.051630754490081275,205.20253164556962,771.2025316455696,0.3611944038479882
320,321,0.0024382716049382715,0.06246714324674229,0.05122687000313179,388.2278481012658,4.189873417721519,1.469427113187645
321,322,0.0024382716049382715,0.07158814822237031,0.04433914934997708,1220.26582278481,1678.746835443038,1.159123055258754
322,323,0.0024382716049382715,0.06984356306288704,0.04457790832014141,1352.7721518987341,1552.0886075949368,0.8227114060770566
323,324,0.0024074074074074076,0.057193812701834615,0.053818503914531524,1175.320512820513,1447.5641025641025,0.3687181002530429
324,325,0.0024074074074074076,0.05950239040126004,0.052409466374911784,1321.6923076923076,816.3846153846154,-1.492559180087161
325,326,0.0023765432098765433,0.0640059926954324,0.048089237046032324,145.12987012987014,1084.2077922077922,0.017696269508138
326,327,0.0023765432098765433,0.05992022241762279,0.05047325562732856,375.12987012987014,513.9090909090909,-1.3270062472469377
327,328,0.0023765432098765433,0.06821279286808397,0.04451299396527627,1138.5974025974026,671.974025974026,1.0432504229837682
328,329,0.002345679012345679,0.060847788461891296,0.04912683124691605,481.7763157894737,1988.8026315789473,1.4762480990754325
329,330,0.002345679012345679,0.061014123223314246,0.049290076516257025,498.0657894736842,679.6052631578947,-1.336030684087251
330,331,0.002345679012345679,0.06306605058913013,0.047672114646753964,1014.7236842105264,446.9342105263158,-0.9798423686359267
331,332,0.002345679012345679,0.06363871435508124,0.047535005794726914,1266.907894736842,121.9342105263158,0.45366613041243725
332,333,0.0023148148148148147,0.05960636970918102,0.049430915378615777,104.89333333333333,1177.6266666666668,-1.5530682091912396
333,334,0.0023148148148148147,0.08180790989301737,0.03661610104334343,336.6666666666667,1411.8133333333333,0.5100822149877171
334,335,0.0023148148148148147,0.06642481058824383,0.04449345705559,900.6533333333333,1981.3866666666668,-1.5411492689752868
335,336,0.0023148148148148147,0.059408161360496446,0.05013341179598376,977.5866666666667,831.3733333333333,-1.1792581864291867
336,337,0.0023148148148148147,0.07676899497637872,0.03902526542804848,1150.9866666666667,1174.1466666666668,0.05608060313444587
337,338,0.0023148148148148147,0.05819277096033134,0.050611018639067806,1151.3466666666666,572.4266666666666,1.1824619746811869
338,339,0.0023148148148148147,0.0632342729664204,0.04634338465502284,1322.4533333333334,321.04,1.5329087766701754
339,340,0.0023148148148148147,0.10775452032862014,0.027641499814342534,1347.04,1292.2133333333334,-0.0630789922980213
340,341,0.002283950617283951,0.07176306022422867,0.04086828445229728,245.72972972972974,1958.6216216216217,0.09928735434470828
341,342,0.002283950617283951,0.06451430735141692,0.04528358789494347,248.9189189189189,773.2972972972973,-1.1193135134120358
342,343,0.002283950617283951,0.06635565567425586,0.043798326126646636,1078.4324324324325,1355.2297297297298,1.225297550514974
343,344,0.002283950617283951,0.06509793873667864,0.044869635309538504,1227.8108108108108,2040.8513513513512,1.3997220463428843
344,345,0.0022530864197530865,0.06569863740935118,0.04475995398556948,125.3972602739726,1691.3561643835617,1.4049416141102655
345,346,0.0022530864197530865,0.09380001061093665,0.03192435503257859,237.15068493150685,1037.972602739726,0.3363807565198239
346,347,0.0022530864197530865,0.060184703310510235,0.04783858150249535,642.6849315068494,692.0,1.2687007510698498
347,348,0.0022222222222222222,0.06765973750365566,0.04235897865736326,424.94444444444446,135.30555555555554,0.1845844683870461
348,349,0.0022222222222222222,0.07033313733091497,0.040154303229466067,603.7222222222222,1994.125,-0.17532765577122586
349,350,0.0022222222222222222,0.057076391827171356,0.049456750274569465,692.0972222222222,1429.3055555555557,1.2236751076593089
350,351,0.002191358024691358,0.07211529639784058,0.03869939900158915,881.0281690140845,1618.112676056338,1.0267820277146298
351,352,0.002160493827160494,0.05924831522738329,0.04684387534088043,210.3,1081.8285714285714,1.2581210624330041
352,353,0.002160493827160494,0.0695275855725073,0.0403434362566307,713.4285714285714,97.4,-1.3003925275102268
353,354,0.0021296296296296298,0.05631166168462065,0.04826221922866448,16.47826086956522,30.73913043478261,-1.3475695585939924
354,355,0.0021296296296296298,0.060027358684987805,0.04544676089198465,626.4492753623189,101.68115942028986,0.38559281596399303
355,356,0.0021296296296296298,0.0671318312339184,0.04092200140954023,698.4492753623189,1522.304347826087,-1.3614684796815557
356,357,0.0021296296296296298,0.06750309968110565,0.04000182211590614,881.5652173913044,924.7391304347826,1.1232124359640627
357,358,0.0021296296296296298,0.0547999056400712,0.049324505810844264,921.9855072463768,903.8115942028985,0.7701135196238363
358,359,0.0021296296296296298,0.06489772606484827,0.04178953619023436,1165.623188405797,934.768115942029,1.0811614593243666
359,360,0.0020987654320987655,0.07217641301589929,0.03777859507107319,2.735294117647059,892.9264705882352,1.3255286545200249
360,361,0.0020987654320987655,0.06880730416905004,0.03927630091619331,59.1764705882353,602.5882352941177,-0.3980935345071317
361,362,0.0020987654320987655,0.06236043101781339,0.04426942376600841,326.1764705882353,1844.9117647058824,1.0063272090334716
362,363,0.0020987654320987655,0.06381264357836373,0.04241563184647937,683.5588235294117,1225.7205882352941,0.7324641382127531
363,364,0.0020987654320987655,0.06467575849855843,0.041415034594183546,884.7352941176471,1184.5294117647059,1.0200863787693022
364,365,0.0020987654320987655,0.06441098685938011,0.042584756877916234,1070.5,734.0,-1.3661046341368641
365,366,0.0020987654320987655,0.0641247373903745,0.04203260536452057,1344.7205882352941,124.13235294117646,1.5351101502548967
366,367,0.002067901234567901,0.06342299965229226,0.0420675525177515,36.507462686567166,961.3432835820895,-1.4018136520943745
367,368,0.002067901234567901,0.05418886201682925,0.04862762732756688,120.23880597014926,684.8805970149253,1.1097268079218647
368,369,0.002067901234567901,0.06714917076769962,0.04072730025978199,469.67164179104475,214.29850746268656,-0.24627274423021495
369,370,0.002067901234567901,0.06615203244480139,0.041023707120110595,514.9850746268656,1336.7910447761194,-0.8679993632460659
370,371,0.002067901234567901,0.06350243900692315,0.04190030789729387,832.6417910447761,613.6119402985074,-0.7635530929563357
371,372,0.002067901234567901,0.06879082676529924,0.038436303410622444,938.2985074626865,1433.5671641791046,1.480503790401884
372,373,0.002067901234567901,0.0586778536700574,0.044941078799954584,947.044776119403,39.417910447761194,1.1596761846420658
373,374,0.002067901234567901,0.05977194131362486,0.044153262357558176,1128.8059701492537,2035.5074626865671,1.234526639272677
374,375,0.0020370370370370373,0.060824793717884997,0.04308147388204157,905.8939393939394,182.1060606060606,0.4581502165185698
375,376,0.0020370370370370373,0.06674142103094387,0.03899482794220387,1265.2121212121212,1057.621212121212,0.5476468416367579
376,377,0.002006172839506173,0.0596915179332588,0.04298680937005931,374.4,446.0769230769231,1.1577573920049293
377,378,0.002006172839506173,0.05774077958715884,0.04460924940578284,418.5846153846154,282.2153846153846,0.8454614627561062
378,379,0.002006172839506173,0.0524377984864438,0.048636493473872174,447.0615384615385,1952.2307692307693,-0.2915544768915568
379,380,0.002006172839506173,0.07432353286057396,0.03415183404801426,631.123076923077,1146.4,-0.08443518081560246
380,381,0.0019753086419753087,0.05444917815914487,0.04596136955771512,185.0,821.5,0.4183176654004336
381,382,0.0019753086419753087,0.05626745810450636,0.04462002395883772,409.171875,506.390625,-0.24843691516024868
382,383,0.0019753086419753087,0.07195945776359673,0.03550207592746179,698.65625,282.5,0.17070465121332704
383,384,0.0019753086419753087,0.05580583329297335,0.0468747742853662,1143.71875,1378.40625,-0.986393984649082
384,385,0.0019753086419753087,0.052187682571333965,0.048288552779104404,1341.890625,265.21875,1.1616651056422693
385,386,0.0019444444444444444,0.06191967355109316,0.039680438678107104,58.0,1643.0,-1.5081885370287744
386,387,0.0019444444444444444,0.05033844625364756,0.04992645973369503,644.0,1375.4126984126983,1.5707963267948966
387,388,0.0019444444444444444,0.05321995403144554,0.04641050122976109,953.8412698412699,1510.1904761904761,0.8508740659626457
388,389,0.0019135802469135803,0.05804075453119287,0.04265906868087378,107.19354838709677,283.06451612903226,0.7133236175429304
389,390,0.0019135802469135803,0.059154021730799256,0.041173250084142375,259.5967741935484,1132.4354838709678,1.1602171350881314
390,391,0.0019135802469135803,0.05681237186520283,0.04284868496418987,993.9354838709677,1638.0,-0.9614556887378807
391,392,0.0019135802469135803,0.061790385569270266,0.03946707491322573,1172.8064516129032,221.56451612903226,-0.8340392487185726
392,393,0.001882716049382716,0.06387223147957383,0.037735519350244745,1220.016393442623,323.95081967213116,-1.1909964681418401
393,394,0.001851851851851852,0.06124879837106431,0.04061121235763531,294.25,1907.1333333333334,1.1082188909116102
394,395,0.0018209876543209876,0.0676713190216185,0.03425558241662468,121.96610169491525,578.8983050847457,-1.278735775867886
395,396,0.0018209876543209876,0.04866452094027303,0.04757145357805958,525.8644067796611,603.5762711864406,0.04862659912578306
396,397,0.0018209876543209876,0.06579565454543465,0.03635440003905398,682.0847457627119,1090.4406779661017,1.2020887002626228
397,398,0.0018209876543209876,0.05623937991946338,0.04122679460720112,1125.542372881356,1536.8305084745762,-0.13655289994596037
398,399,0.0017901234567901235,0.057947769175318076,0.040054992954742255,732.6896551724138,1954.3103448275863,1.2380279954719526
399,400,0.0017901234567901235,0.06898524617029317,0.03306018362383947,1011.8620689655172,1612.6896551724137,-0.18159746122894657
400,401,0.0017901234567901235,0.058690888329291015,0.03888445619169474,1229.0344827586207,1742.4310344827586,-1.5317142096816279
401,402,0.0017592592592592592,0.05589138813210921,0.04233118574875189,724.0350877192982,1785.7894736842106,-1.1375452033453646
402,403,0.0017592592592592592,0.056148504840124604,0.04035412793465491,939.859649122807,46.98245614035088,1.2555477195843407
403,404,0.0017592592592592592,0.057414150061814176,0.03882685472334935,1120.280701754386,1546.982456140351,-0.29081993357383973
404,405,0.0017283950617283952,0.056624364925700214,0.0390355868248658,416.80357142857144,1255.1607142857142,-1.1079161625343366
405,406,0.0017283950617283952,0.07165727984760902,0.03101383690484815,424.35714285714283,38.75,1.063257802010344
406,407,0.0017283950617283952,0.05137671828939538,0.042805106133322134,443.625,770.5178571428571,1.1204534131350938
407,408,0.0017283950617283952,0.07058697865047556,0.03187225678993295,622.1071428571429,1173.857142857143,-0.11241750453323644
408,409,0.0017283950617283952,0.05044826546201551,0.04400480086622801,716.4821428571429,870.8214285714286,0.361301369986528
409,410,0.0017283950617283952,0.06198213488939406,0.03731241029957047,759.6607142857143,614.2678571428571,-1.2944676733386962
410,411,0.0017283950617283952,0.07017874778966751,0.03157423830769358,929.9285714285714,1446.4464285714287,0.8667137312445155
411,412,0.0017283950617283952,0.05191658292610562,0.0428251025092891,1084.75,578.625,-0.6218923965062508
412,413,0.0017283950617283952,0.05530046790107254,0.039776825746287735,1088.142857142857,1581.607142857143,-0.7149626421317806
413,414,0.0017283950617283952,0.058533183891617,0.037372612813379946,1147.607142857143,1552.1607142857142,-0.276630658511815
414,415,0.0017283950617283952,0.04802871130520666,0.04576270867889535,1299.357142857143,375.67857142857144,-0.4589056053603136
415,416,0.0016975308641975309,0.05685283091456595,0.03780419969745834,1055.0181818181818,1726.8181818181818,-1.305462198515557
416,417,0.0016975308641975309,0.07386907796579228,0.03018878244409109,1320.5636363636363,1661.5272727272727,-0.0660621599183337
417,418,0.0016975308641975309,0.0497554859555984,0.04347773524497308,1327.1090909090908,951.2727272727273,0.3180688179724776
418,419,0.0016666666666666668,0.04930882471763414,0.042948575363057115,936.8703703703703,237.5185185185185,0.5188264226149474
419,420,0.0016666666666666668,0.05361513370712855,0.03945228970088444,1228.0,956.9074074074074,1.4588558599239079
420,421,0.0016358024691358025,0.053175770969772475,0.039071671583044726,215.45283018867926,652.6415094339623,0.7461727881203158
421,422,0.0016049382716049384,0.048101598868407924,0.042255330762961285,1080.5192307692307,1671.7115384615386,0.7646488370025214
422,423,0.0016049382716049384,0.052572874675639744,0.039013021572433984,1190.6923076923076,1008.7307692307693,1.046175070521905
423,424,0.0016049382716049384,0.053467566781536816,0.03802568908346767,1285.4807692307693,1350.3846153846155,0.7831360278497277
424,425,0.001574074074074074,0.05438949113164594,0.03701652243777773,703.8627450980392,981.6862745098039,-0.21508492911752497
425,426,0.001574074074074074,0.04956034555394188,0.04170047669417502,727.0392156862745,1863.3333333333333,-0.32926798876066227
426,427,0.001574074074074074,0.051479401679026975,0.039025696569276395,859.7450980392157,628.8823529411765,-1.3341512162514728
427,428,0.001574074074074074,0.049211682722964216,0.04055419179965832,1120.9607843137255,1258.862745098039,1.4094575145006947
428,429,0.00154320987654321,0.04946970007719602,0.04006856018143169,315.44,1226.86,0.37552171522836497
429,430,0.0015123456790123457,0.047195769647258336,0.0406145877716329,222.57142857142858,1329.8367346938776,0.13362546254145882
430,431,0.0015123456790123457,0.05156600803393782,0.03964459978434785,269.7959183673469,1154.408163265306,-1.5622840959149265
431,432,0.0015123456790123457,0.05298319984201114,0.03653321973001066,344.14285714285717,1023.0204081632653,1.0390288134657
432,433,0.0015123456790123457,0.04988331017958781,0.039127590088360545,735.1632653061224,1707.5510204081634,1.4798511700982293
433,434,0.0015123456790123457,0.06071645155644449,0.03192758472236029,1075.6530612244899,1131.591836734694,1.0930038779482758
434,435,0.0014814814814814816,0.06330818022310983,0.029552206182050907,1.9791666666666667,826.7291666666666,-1.5534934397025006
435,436,0.0014814814814814816,0.045974658678459956,0.0409125815952417,13.729166666666666,748.3333333333334,0.9421896972231707
436,437,0.0014814814814814816,0.04513742748412644,0.04165217220557738,396.75,311.4166666666667,1.283084001527254
437,438,0.0014814814814814816,0.05036682439319614,0.03834000491947448,599.2708333333334,437.1458333333333,-0.9549776063370855
438,439,0.0014814814814814816,0.050840628110904985,0.03804051354099823,1223.8541666666667,1809.9583333333333,-0.785115571114049
439,440,0.0014506172839506173,0.046765040037334026,0.03977029914683956,1100.1914893617022,1626.723404255319,1.4571754433648736
440,441,0.0014506172839506173,0.10302326406454082,0.018995774729606646,1117.340425531915,1784.8510638297873,-0.8882950817207206
441,442,0.001419753086419753,0.050788318465052794,0.03565499048525731,195.2608695652174,199.2173913043478,1.509990750312972
442,443,0.001419753086419753,0.06491811798611158,0.02795211029872523,397.32608695652175,1473.195652173913,-0.0878047176910644
443,444,0.001419753086419753,0.04751956555997962,0.03875055141177332,469.6304347826087,315.5,0.5871245788212369
444,445,0.001419753086419753,0.06531041124516915,0.02794832784206703,606.5217391304348,1184.1739130434783,-0.13464163428600662
445,446,0.001419753086419753,0.04743162372672411,0.03780485075741548,772.8695652173913,855.5217391304348,-1.1990190034987698
446,447,0.001419753086419753,0.04597779916133958,0.03920462132724308,1017.8695652173913,1040.2608695652175,1.541655945110378
447,448,0.001419753086419753,0.045113999859741745,0.040032714321952934,1214.1304347826087,763.9130434782609,-0.24485174346973484
448,449,0.001388888888888889,0.050170860753281275,0.035163317271793774,258.4888888888889,725.2666666666667,1.4217848628878467
449,450,0.001388888888888889,0.04583047796508715,0.03865412380791783,598.6222222222223,319.5777777777778,1.4830641231749364
450,451,0.001388888888888889,0.04428336105771686,0.03964361429196323,1078.9333333333334,1583.5555555555557,-1.3577417281298871
451,452,0.0013580246913580246,0.044033121617893634,0.039162342075327775,661.2045454545455,1376.25,-1.4519710517793316
452,453,0.0013580246913580246,0.053371004464904837,0.03253905721140248,1370.25,1100.159090909091,1.091496748255948
453,454,0.0013271604938271606,0.045262592603039,0.03725663681551184,47.27906976744186,1321.5581395348838,1.2480755278204727
454,455,0.0013271604938271606,0.04596918275068366,0.036898761286285914,226.3953488372093,1534.3953488372092,0.39571412053096044
455,456,0.0013271604938271606,0.04378607497507044,0.038837116777977417,660.1395348837209,803.2093023255813,1.0828414397854091
456,457,0.0013271604938271606,0.043237413545761244,0.03930459001972516,901.3255813953489,150.8372093023256,-1.1402467267062004
457,458,0.0013271604938271606,0.06058244483235295,0.03261069242677677,999.046511627907,614.3953488372093,0.43135173546291933
458,459,0.0013271604938271606,0.044348936465061946,0.03854809707850256,1221.7674418604652,595.9767441860465,0.8488845582044876
459,460,0.0012962962962962963,0.04637667233337143,0.035513417289198976,428.23809523809524,586.2857142857143,1.0872549640202789
460,461,0.0012962962962962963,0.04878055010025655,0.03368437718292436,495.45238095238096,71.52380952380952,-1.3775782922100461
461,462,0.0012962962962962963,0.05831040965114083,0.028218915660140027,614.7857142857143,1253.1666666666667,-0.09770676363737199
462,463,0.0012962962962962963,0.043190171741668074,0.03788018754719944,630.047619047619,1306.9285714285713,0.852254075396312
463,464,0.0012962962962962963,0.06291538341889268,0.026019667176314754,646.1666666666666,1265.1190476190477,-0.17876623933200342
464,465,0.0012962962962962963,0.04881371696592855,0.0336071530877894,1005.6428571428571,1662.7857142857142,-1.3863915524414268
465,466,0.0012654320987654322,0.05674663002209859,0.029669174264266653,1139.6829268292684,250.7560975609756,1.0884881067182746
466,467,0.0012345679012345679,0.045378479386558465,0.034974290785820025,249.275,37.45,1.0826248965715666
467,468,0.0012345679012345679,0.04196731709383918,0.03743525900715538,601.3,151.825,0.9132960628622162
468,469,0.0012345679012345679,0.04661111409781174,0.03422776424235028,646.45,1765.975,-0.031469040331208356
469,470,0.0012345679012345679,0.053973109645718234,0.028875889863659465,1350.1,1611.95,-0.11867316142616123
470,471,0.0012037037037037038,0.04790456304977473,0.03203988843629235,140.15384615384616,1957.6153846153845,-1.5638843247338936
471,472,0.0012037037037037038,0.045811720203494194,0.03391107815424588,418.56410256410254,850.974358974359,1.4691455610700814
472,473,0.0012037037037037038,0.06940477215529844,0.022688157847114566,513.0,244.84615384615384,-0.03534726104577481
473,474,0.0012037037037037038,0.04378218733239995,0.035022864683367225,833.5641025641025,348.3333333333333,1.1113819186215137
474,475,0.0012037037037037038,0.07197503067392377,0.023356423287333748,1287.7435897435898,89.92307692307692,1.116970334237332
475,476,0.0012037037037037038,0.05490771683223211,0.02826213087009576,1299.5128205128206,2045.2564102564102,0.04503813548409749
476,477,0.0011728395061728395,0.06596095893981219,0.023960093145030337,60.55263157894737,1088.1052631578948,0.160288271769761
477,478,0.0011728395061728395,0.04473588654714685,0.03306033690082472,164.8421052631579,1526.157894736842,0.7853981633974484
478,479,0.0011728395061728395,0.04286164750742238,0.03462203145312184,267.05263157894734,924.1842105263158,-0.7222904964443582
479,480,0.0011728395061728395,0.045961457648850325,0.032152941363364204,1150.421052631579,90.63157894736842,1.1857199728588381
480,481,0.0011419753086419754,0.04271869344456878,0.034118149293531866,820.4864864864865,1599.6216216216217,1.3670602989008327
481,482,0.0011419753086419754,0.03796631983009996,0.03796631983009996,1064.0,1267.0,-0.7853981633974483
482,483,0.0011419753086419754,0.04462837111332279,0.032767609645257476,1086.0,357.81081081081084,0.7100593965836669
483,484,0.0011111111111111111,0.06793975482122142,0.020890000550545906,251.0,192.63888888888889,-0.1465012278930235
484,485,0.0011111111111111111,0.03849001794597506,0.0366127966082393,577.0833333333334,577.0277777777778,-1.249045772398255
485,486,0.0011111111111111111,0.042994564927501394,0.03281902620493547,796.6388888888889,1931.4722222222222,-1.3916422322489743
486,487,0.0011111111111111111,0.052737151355178306,0.027216552697590865,922.3333333333334,600.5833333333334,0.24497866312686412
487,488,0.0011111111111111111,0.04874529374338637,0.02876936303552478,1267.888888888889,1910.0,0.1811134388533856
488,489,0.0011111111111111111,0.06454272655490839,0.026646155065665447,1398.7777777777778,495.72222222222223,1.5279620698519325
489,490,0.001080246913580247,0.040351191988407996,0.03410298159237025,1131.857142857143,1808.3142857142857,-0.7437555842988601
490,491,0.001080246913580247,0.040420591694146225,0.0340206968692592,1337.142857142857,356.1142857142857,1.3094390622993677
491,492,0.0010493827160493827,0.04788050467616922,0.02801617597776096,358.6470588235294,927.7647058823529,-0.02721486328779507
492,493,0.0010493827160493827,0.05795894139117491,0.022841783170121355,513.6470588235294,281.6764705882353,-1.4735305309083355
493,494,0.0010493827160493827,0.04691025774196485,0.0281401230304706,1108.0294117647059,796.7058823529412,1.3549101346144439
494,495,0.0010493827160493827,0.038334322349320736,0.03461585013559572,1129.5882352941176,225.3235294117647,-1.1071487177940902
495,496,0.0010185185185185186,0.04618818117695466,0.02767904075571744,75.06060606060606,1692.6060606060605,1.2969461404199885
496,497,0.0010185185185185186,0.04445309002472442,0.028919443618330532,611.4242424242424,1148.939393939394,-0.16238508639907553
497,498,0.0010185185185185186,0.03955443123825868,0.03244791149789507,817.4545454545455,237.0909090909091,-1.0720253685939347
498,499,0.0010185185185185186,0.04400754448885032,0.029669549114728334,886.4545454545455,1738.5757575757575,0.6701969453680174
499,500,0.0010185185185185186,0.04579801596970808,0.028111010844327006,1166.4848484848485,469.09090909090907,0.9759090174809376
500,501,0.0010185185185185186,0.038840928301647336,0.033758526857304315,1302.1515151515152,615.9090909090909,1.511667572225357
501,502,0.0009876543209876543,0.03513641844631533,0.03513641844631533,769.5,901.5,-0.7853981633974483
502,503,0.0009876543209876543,0.038395557108651,0.0327352293030948,1061.21875,437.125,-1.5372333826938462
503,504,0.0009876543209876543,0.04074649818055547,0.03058118698044765,1207.65625,2007.96875,-1.186092800561867
504,505,0.0009567901234567902,0.040794830012160936,0.02968979590170935,620.8064516129032,1159.032258064516,-0.18330411150940323
505,506,0.0009567901234567902,0.0389926836518079,0.031190675220491928,677.5483870967741,1565.8064516129032,-1.1960178544408986
506,507,0.0009567901234567902,0.03828904635442179,0.03172824936596852,1173.8064516129032,1643.2903225806451,0.2047960520982636
507,508,0.000925925925925926,0.041235774161962425,0.028554963903972726,220.86666666666667,389.76666666666665,1.1765628351826571
508,509,0.000925925925925926,0.039167470009415804,0.030479656005862745,1289.1666666666667,900.8666666666667,-1.164950820590791
509,510,0.0008950617283950618,0.05085695108142941,0.02225187539631356,152.27586206896552,595.551724137931,-0.027811552096105474
510,511,0.0008950617283950618,0.03701838716670245,0.03084461076865469,406.3103448275862,1606.1724137931035,-0.1044699259109138
511,512,0.0008950617283950618,0.04871767453337604,0.023568922450373255,540.2413793103449,202.10344827586206,0.7543700930143434
512,513,0.0008950617283950618,0.03583245877623425,0.0321782090580101,873.4827586206897,349.9655172413793,-0.10472158485203338
513,514,0.0008950617283950618,0.03908478455383705,0.02976125546743638,1124.9310344827586,1027.0689655172414,1.347564147953427
514,515,0.0008641975308641976,0.03333333333333333,0.03272306052077509,219.5,664.7857142857143,0.0
515,516,0.0008641975308641976,0.037089909350945784,0.029095718698132322,344.5,1047.5,0.7853981633974483
516,517,0.0008641975308641976,0.035525623442372214,0.0310472477161273,385.32142857142856,1407.1785714285713,0.8446930930263016
517,518,0.0008641975308641976,0.040929497174361514,0.02641098599895317,1021.9285714285714,1760.892857142857,1.17331379194897
518,519,0.0008333333333333334,0.038350031935003526,0.02755517035328053,1136.4074074074074,1180.148148148148,0.22245522471137172
519,520,0.0008333333333333334,0.05214572772132516,0.020623534728139038,1262.4074074074074,1345.148148148148,0.03487524455175436
520,521,0.0008024691358024692,0.054785416142342946,0.018731920984520756,163.1153846153846,1965.923076923077,-0.09931936762699106
521,522,0.0008024691358024692,0.0342558683109203,0.029689562228198466,287.11538461538464,1892.3076923076924,-1.4443629022812778
522,523,0.0008024691358024692,0.04243804438896376,0.023941207765608836,540.5769230769231,425.88461538461536,0.8811788235620115
523,524,0.0008024691358024692,0.03606924932527653,0.028037233608068077,927.0,912.6538461538462,-1.2551464911982944
524,525,0.0008024691358024692,0.03613280804765745,0.028163551173279032,1041.8461538461538,1748.2692307692307,-0.9307168925592703
525,526,0.0008024691358024692,0.036168989120105355,0.02789535674195649,1076.1538461538462,1680.4615384615386,-1.2722079977485576
526,527,0.0008024691358024692,0.0342558683109203,0.029689562228198466,1284.1153846153845,51.30769230769231,-1.4443629022812778
527,528,0.000771604938271605,0.037941469888204876,0.02621940518778897,50.72,1088.88,0.2214869315603725
528,529,0.000771604938271605,0.048786334066301625,0.021548504653819075,504.24,1864.32,-1.1381008549989766
529,530,0.000771604938271605,0.035760384909496644,0.027332607163139802,1035.76,1025.6,-1.4042821909273777
530,531,0.000771604938271605,0.04832907617830878,0.020729990219888188,1331.48,1710.36,0.007047626100190149
531,532,0.0007407407407407408,0.040706610779050405,0.023300284371167518,1.2916666666666667,1492.7916666666667,-1.4677219607915786
532,533,0.0007407407407407408,0.0422668712046911,0.023610928259412627,210.45833333333334,561.5416666666666,0.4406192129180757
533,534,0.0007407407407407408,0.03530501681518475,0.026678036907703585,629.8333333333334,871.5833333333334,1.4007942743415276
534,535,0.0007407407407407408,0.04206996325097413,0.022445060559107766,679.25,1925.0,-0.4473931748597942
535,536,0.0007407407407407408,0.03334975238239126,0.02865472135292385,825.0,1465.7916666666667,-0.7129919142779786
536,537,0.0007407407407407408,0.03658066303987067,0.02556273011875849,884.7083333333334,1956.4166666666667,-1.1643717301130125
537,538,0.0007407407407407408,0.03378411659209172,0.02740036938615955,1138.125,2023.3333333333333,1.228626551589169
538,539,0.0007098765432098765,0.03341074730652945,0.026779413360618086,94.21739130434783,219.6086956521739,-1.404004166045
539,540,0.0007098765432098765,0.04106553701972428,0.021593919151617208,250.43478260869566,1514.8695652173913,1.385231832854317
540,541,0.0007098765432098765,0.032628405569666064,0.02738853686295915,727.2173913043479,813.8695652173913,-0.5243523564833045
541,542,0.0007098765432098765,0.035323417965111195,0.025733616850565733,1151.4347826086957,1503.8260869565217,-0.6679357312882316
542,543,0.0006790123456790123,0.03929104073767473,0.022013145398994242,160.0,365.27272727272725,-0.12856379904396953
543,544,0.0006790123456790123,0.03336644743673836,0.02559037133676351,763.0909090909091,1200.0454545454545,-0.8624842483262875
544,545,0.0006790123456790123,0.03717655986476845,0.02297634825984633,951.3636363636364,1526.0,0.5525059844546297
545,546,0.0006790123456790123,0.03195816569607349,0.02695285669520471,1058.5,897.7272727272727,0.0
546,547,0.0006790123456790123,0.037559796449285664,0.022930302630808596,1358.5,1474.3181818181818,0.3772064886375734
547,548,0.0006790123456790123,0.03195816569607349,0.02695285669520471,1365.2727272727273,1118.5,-1.5707963267948966
548,549,0.0006481481481481481,0.03476763058725049,0.023099876483903596,2.380952380952381,666.4285714285714,0.12570730804870422
549,550,0.0006481481481481481,0.03920365669534274,0.022683201456150555,4.523809523809524,218.0,-0.654673657338476
550,551,0.0006481481481481481,0.03350974547764438,0.02434367352592337,359.6190476190476,673.0,-0.6746894383094372
551,552,0.0006481481481481481,0.03247722000541626,0.02522126671843284,681.3809523809524,1131.047619047619,-0.6135263515795573
552,553,0.0006481481481481481,0.03311803363597931,0.02491892673769375,778.2380952380952,936.8095238095239,1.0277467289663746
553,554,0.0006481481481481481,0.040167053973984575,0.020167002658040983,1048.3333333333333,578.5238095238095,-0.28087352617030314
554,555,0.0006172839506172839,0.036026755546493705,0.02133446283706884,364.5,286.0,-1.2930494591621249
555,556,0.0006172839506172839,0.036026755546493705,0.02133446283706884,576.6,1824.7,-1.205042085634384
556,557,0.0006172839506172839,0.03753582863519444,0.020779853450158346,964.75,602.4,-0.9268909122323499
557,558,0.0005864197530864197,0.03706133953955372,0.02072209031762659,88.73684210526316,1555.2631578947369,-1.1842444763352487
558,559,0.0005864197530864197,0.033260597888341306,0.022778236284649797,502.36842105263156,2037.3157894736842,-1.006806807879743
559,560,0.0005555555555555556,0.031629938017366355,0.02186275798460768,781.6111111111111,1004.7222222222222,-1.3572411509889954
560,561,0.0005555555555555556,0.04008561106566705,0.01722837792822412,1101.4444444444443,531.0555555555555,-0.0512814164399331
561,562,0.0005555555555555556,0.035101581343658435,0.01992997203268505,1291.7777777777778,1637.611111111111,-1.272238189162083
562,563,0.0005555555555555556,0.03943202484956426,0.017188458633991575,1379.8333333333333,1523.0555555555557,-0.06187728716235345
563,564,0.0005246913580246914,0.027544192817915657,0.024103384202072912,659.4705882352941,269.6470588235294,-1.3734007669450157
564,565,0.0005246913580246914,0.036714646084914024,0.019700740464200995,860.3529411764706,525.6470588235294,1.4448528187495906
565,566,0.0005246913580246914,0.028788332018792075,0.022451116888901782,1002.8823529411765,753.4117647058823,0.26479479939103806
566,567,0.0004938271604938272,0.029593438545364607,0.020786985482077452,762.3125,1023.0625,-1.2490457723982544
567,568,0.0004938271604938272,0.02687324306953746,0.02314184211138502,1324.625,67.75,-1.311223269671635
568,569,0.0004938271604938272,0.029593438545364607,0.020786985482077452,1337.3125,1075.9375,1.2490457723982544
569,570,0.0004938271604938272,0.04044452276261135,0.015897913854476805,1382.3125,1101.125,0.8112131896920932
570,571,0.000462962962962963,0.0379022905287793,0.015357224886388226,293.2,1508.2,-0.1851617148513874
571,572,0.000462962962962963,0.02860488459594182,0.020051492725420634,751.3333333333334,1178.5333333333333,-0.5559328319712481
572,573,0.000462962962962963,0.025660011963983372,0.022565253647004173,985.8666666666667,988.4666666666667,-0.24497866312686417
573,574,0.000462962962962963,0.029342409446771474,0.019860548562472373,1211.8,1856.8666666666666,-1.3980185365040405
574,575,0.000462962962962963,0.025660011963983372,0.022565253647004173,1243.8666666666666,918.5333333333333,0.2449786631268642
575,576,0.000462962962962963,0.02957786336966164,0.021843512184370178,1344.3333333333333,1726.8666666666666,0.32616545069444564
576,577,0.0004320987654320988,0.026459127091951716,0.021006190054164018,411.57142857142856,1048.0714285714287,1.2090919656934325
577,578,0.0004320987654320988,0.027498335769436767,0.020443600447295943,772.9285714285714,1456.2142857142858,0.5369138609579217
578,579,0.0004320987654320988,0.026560635762986524,0.019697894676175963,774.5,1505.5,0.7853981633974483
579,580,0.0004320987654320988,0.02714694399690037,0.020296488308966607,821.2857142857143,125.14285714285714,-0.062177497273380705
580,581,0.0004320987654320988,0.023382412480406723,0.022892389050565017,888.5,1343.7142857142858,0.0
581,582,0.0004320987654320988,0.026349296780434555,0.020477919733623878,1362.642857142857,1654.2142857142858,-1.145675231319569
582,583,0.0004012345679012346,0.024231469776402653,0.020869950740531346,49.15384615384615,179.46153846153845,-1.3303526866972286
583,584,0.0004012345679012346,0.030951694409058657,0.016048899093586748,524.6153846153846,1196.076923076923,-0.08806108691290974
584,585,0.0004012345679012346,0.02399259632071487,0.020441471355728887,558.6153846153846,582.6153846153846,0.7853981633974483
585,586,0.0004012345679012346,0.030816677568068284,0.01630665301567429,694.2307692307693,1321.8461538461538,0.19739555984988078
586,587,0.0003703703703703704,0.024845199749997667,0.018144368465060578,507.0,620.5,1.5707963267948966
587,588,0.0003703703703703704,0.03795166950355407,0.011111111111111112,520.5,1409.5,0.0
588,589,0.0003703703703703704,0.02127615795014085,0.02127615795014085,627.5,614.5,-0.7853981633974483
589,590,0.0003703703703703704,0.02127615795014085,0.02127615795014085,740.5,1668.5,-0.7853981633974483
590,591,0.0003703703703703704,0.02127615795014085,0.02127615795014085,754.5,1173.5,-0.7853981633974483
591,592,0.0003703703703703704,0.024845199749997667,0.018144368465060578,842.0,1407.5,1.5707963267948966
592,593,0.0003703703703703704,0.02127615795014085,0.02127615795014085,1263.5,208.5,-0.7853981633974483
593,594,0.0003703703703703704,0.027194413510722732,0.016496171730553885,1400.0833333333333,1045.1666666666667,1.4064408273784121
594,595,0.00033950617283950616,0.02414516657856605,0.017040868470032815,203.36363636363637,478.09090909090907,0.26303320949838166
595,596,0.00033950617283950616,0.02518508867830826,0.016730323894345072,233.54545454545453,573.1818181818181,0.7160782948303693
596,597,0.00033950617283950616,0.03324367560511196,0.013583900479222977,616.3636363636364,773.2727272727273,-0.8745318925470651
597,598,0.00033950617283950616,0.022611721571740472,0.01945289643450202,704.2727272727273,968.1818181818181,0.692724188399601
598,599,0.00033950617283950616,0.028088663046605008,0.014938829487497028,1267.909090909091,1309.1818181818182,-0.23182380450040305
599,600,0.00030864197530864197,0.02434322477800738,0.0149071198499986,281.0,1574.5,-1.1071487177940906
600,601,0.00030864197530864197,0.025229916970746714,0.0154118578933009,684.3,341.8,-0.31803775135187545
601,602,0.00030864197530864197,0.02434322477800738,0.0149071198499986,787.0,982.5,-1.1071487177940906
602,603,0.00030864197530864197,0.03142696805273545,0.011111111111111112,941.0,1228.5,0.0
603,604,0.00030864197530864197,0.02434322477800738,0.0149071198499986,989.0,557.5,1.1071487177940906
604,605,0.00030864197530864197,0.03333333333333333,0.010886621079036344,1280.5,1819.4,0.0
605,606,0.00030864197530864197,0.022771001702132445,0.016629588385661965,1329.8,1472.5,1.5707963267948966
606,607,0.0002777777777777778,0.029301436007969646,0.010811424773657007,102.55555555555556,1551.2222222222222,-1.488221988087583
607,608,0.0002777777777777778,0.02158751875031893,0.015530238281645183,1040.888888888889,865.3333333333334,1.2164831907310614
608,609,0.0002777777777777778,0.02158751875031893,0.015530238281645183,1232.111111111111,1244.3333333333333,-1.2164831907310614
609,610,0.0002777777777777778,0.022317725589723513,0.016059310205302355,1289.888888888889,311.1111111111111,-1.361684162005282
610,611,0.0002777777777777778,0.023958858130970213,0.01478293700502644,1400.2222222222222,1576.111111111111,1.0556079135327405
611,612,0.0002469135802469136,0.019245008972987525,0.015713484026367724,68.0,1178.5,1.5707963267948966
612,613,0.0002469135802469136,0.024845199749997667,0.011111111111111112,171.5,347.5,1.5707963267948966
613,614,0.0002469135802469136,0.019245008972987525,0.015214515486254614,597.875,96.125,0.7853981633974483
614,615,0.0002469135802469136,0.019245008972987525,0.015214515486254614,719.125,310.125,-0.7853981633974483
615,616,0.0002469135802469136,0.022891136424007502,0.01334752288046878,952.625,305.25,0.3373704711117763
616,617,0.0002469135802469136,0.024845199749997667,0.011111111111111112,1394.5,1446.5,0.0
617,618,0.0002469135802469136,0.024845199749997667,0.011111111111111112,1401.5,209.5,1.5707963267948966
618,619,0.0002160493827160494,0.01679842102263232,0.015552315827194784,446.2857142857143,245.0,1.5707963267948966
619,620,0.0002160493827160494,0.023085415031548533,0.010585950739446522,606.2857142857143,1177.4285714285713,-0.14572839723893355
620,621,0.0002160493827160494,0.023085415031548533,0.010585950739446522,647.7142857142857,1275.5714285714287,-0.14572839723893355
621,622,0.0002160493827160494,0.01679842102263232,0.015552315827194784,690.0,1848.2857142857142,0.0
622,623,0.0002160493827160494,0.01679842102263232,0.015552315827194784,800.2857142857143,2024.0,1.5707963267948966
623,624,0.0002160493827160494,0.01679842102263232,0.01555231582719478,1119.7142857142858,1573.0,1.5707963267948966
624,625,0.0002160493827160494,0.023085415031548533,0.010585950739446522,1291.2857142857142,1767.4285714285713,-0.14572839723893355
625,626,0.0002160493827160494,0.023085415031548533,0.010585950739446522,1297.2857142857142,1462.4285714285713,-0.14572839723893355
626,627,0.0002160493827160494,0.023085415031548533,0.010585950739446522,1332.5714285714287,1576.7142857142858,-1.425067929555963
627,628,0.0001851851851851852,0.017371910221568258,0.012830005981991683,320.1666666666667,59.833333333333336,-0.7853981633974483
628,629,0.0001851851851851852,0.018144368465060578,0.011111111111111112,494.5,1982.0,1.5707963267948966
629,630,0.0001851851851851852,0.018144368465060578,0.011111111111111112,532.5,1885.0,1.5707963267948966
630,631,0.0001851851851851852,0.02127615795014085,0.010475656017578485,1401.6666666666667,281.5,1.5707963267948966
631,632,0.0001851851851851852,0.018144368465060578,0.011111111111111112,1401.5,1210.0,1.5707963267948966
632,633,0.00015432098765432098,0.01721325931647741,0.009938079899999064,410.4,1665.8,-1.2490457723982544
633,634,0.00015432098765432098,0.01721325931647741,0.009938079899999064,997.8,2013.4,-0.3217505543966422
634,635,0.00015432098765432098,0.01721325931647741,0.009938079899999064,1200.6,1647.8,1.2490457723982544
635,636,0.00015432098765432098,0.022222222222222223,0.011758894715842627,1298.6,176.4,0.7853981633974483
636,637,0.00015432098765432098,0.01721325931647741,0.009938079899999064,1328.8,582.4,-0.3217505543966422
637,638,0.00015432098765432098,0.01721325931647741,0.009938079899999064,1393.6,1478.2,-1.2490457723982544
638,639,0.0001234567901234568,0.011111111111111112,0.011111111111111112,62.5,1169.5,-0.7853981633974483
639,640,0.0001234567901234568,0.011111111111111112,0.011111111111111112,258.5,137.5,-0.7853981633974483
640,641,0.0001234567901234568,0.015713484026367724,0.009622504486493762,651.0,1661.25,0.0
641,642,0.0001234567901234568,0.011111111111111112,0.011111111111111112,795.5,895.5,-0.7853981633974483
642,643,0.0001234567901234568,0.011111111111111112,0.011111111111111112,817.5,883.5,-0.7853981633974483
643,644,0.0001234567901234568,0.015713484026367724,0.009622504486493762,1065.75,1569.0,1.5707963267948966
644,645,0.0001234567901234568,0.011111111111111112,0.011111111111111112,1166.5,919.5,-0.7853981633974483
645,646,9.25925925925926e-05,0.012830005981991686,0.0074074074074074086,158.66666666666666,196.33333333333334,0.7853981633974483
646,647,9.25925925925926e-05,0.012830005981991686,0.0074074074074074086,201.66666666666666,76.66666666666667,-0.7853981633974483
647,648,9.25925925925926e-05,0.012830005981991686,0.0074074074074074086,230.66666666666666,565.6666666666666,-0.7853981633974483
648,649,9.25925925925926e-05,0.012830005981991686,0.0074074074074074086,521.3333333333334,447.3333333333333,-0.7853981633974483
649,650,9.25925925925926e-05,0.012830005981991686,0.0074074074074074086,1105.3333333333333,1799.6666666666667,0.7853981633974483
650,651,9.25925925925926e-05,0.012830005981991686,0.0074074074074074086,1282.6666666666667,1311.3333333333333,0.7853981633974483
651,652,9.25925925925926e-05,0.012830005981991686,0.0074074074074074086,1351.6666666666667,1478.6666666666667,-0.7853981633974483
